{"cameraMode":{"drawMode":0,"name":"Shaded","section":"Shading Mode"},"sceneLighting":true,"audioPlay":false,"sceneViewState":{"showFog":true,"showMaterialUpdate":false,"showSkybox":true,"showFlares":true,"showImageEffects":true,"showParticleSystems":true,"showVisualEffectGraphs":true,"m_FxEnabled":true},"in2DMode":false,"pivot":{"x":-2.1274709701538088,"y":5.924959182739258,"z":9.040302276611329},"rotation":{"x":0.35732197761535647,"y":0.001400965848006308,"z":-0.000535744649823755,"w":0.9339833855628967},"size":14.381447792053223,"orthographic":true}