{"cameraMode":{"drawMode":0,"name":"Shaded","section":"Shading Mode"},"sceneLighting":false,"audioPlay":false,"sceneViewState":{"showFog":true,"showMaterialUpdate":false,"showSkybox":false,"showFlares":true,"showImageEffects":true,"showParticleSystems":true,"showVisualEffectGraphs":true,"m_FxEnabled":true},"in2DMode":false,"pivot":{"x":-0.6160897016525269,"y":0.426408052444458,"z":0.06792855262756348},"rotation":{"x":-0.1711936742067337,"y":-0.09236837923526764,"z":0.016123289242386819,"w":-0.9807683825492859},"size":0.7330126166343689,"orthographic":false}