{"cameraMode":{"drawMode":0,"name":"Shaded","section":"Shading Mode"},"sceneLighting":true,"audioPlay":false,"sceneViewState":{"showFog":true,"showMaterialUpdate":false,"showSkybox":true,"showFlares":true,"showImageEffects":true,"showParticleSystems":true,"showVisualEffectGraphs":true,"m_FxEnabled":true},"in2DMode":false,"pivot":{"x":-0.5738391876220703,"y":9.408912658691407,"z":4.211357116699219},"rotation":{"x":0.019781555980443956,"y":-0.8379369378089905,"z":0.030438430607318879,"w":0.5445591807365418},"size":2.9660511016845705,"orthographic":false}