{"cameraMode":{"drawMode":0,"name":"Shaded","section":"Shading Mode"},"sceneLighting":false,"audioPlay":false,"sceneViewState":{"showFog":true,"showMaterialUpdate":false,"showSkybox":false,"showFlares":true,"showImageEffects":true,"showParticleSystems":true,"showVisualEffectGraphs":true,"m_FxEnabled":true},"in2DMode":false,"pivot":{"x":-0.1014748215675354,"y":-0.019598782062530519,"z":1.135048270225525},"rotation":{"x":0.24519236385822297,"y":-0.026176542043685914,"z":0.006623235996812582,"w":0.9691010117530823},"size":1.6330125331878663,"orthographic":false}