{"cameraMode":{"drawMode":0,"name":"Shaded","section":"Shading Mode"},"sceneLighting":false,"audioPlay":false,"sceneViewState":{"showFog":true,"showMaterialUpdate":false,"showSkybox":false,"showFlares":true,"showImageEffects":true,"showParticleSystems":true,"showVisualEffectGraphs":true,"m_FxEnabled":true},"in2DMode":false,"pivot":{"x":-8.882959365844727,"y":16.123735427856447,"z":4.181667804718018},"rotation":{"x":-0.010623529553413391,"y":0.5924745798110962,"z":0.00781728234142065,"w":0.8054936528205872},"size":0.19228893518447877,"orthographic":false}